domain,category,hashtags,date
1225trc.com,Blockchain and Cryptocurrencies,#blockchain,17-Mar-22
200xtrade.com,Blockchain and Cryptocurrencies,"#bitcoin,#account,#trading,#cryptocurrency",17-Mar-22
2-3xevent.art,Blockchain and Cryptocurrencies,"#wallet,#crypto,#binance,#coin,#payment,#money",17-Mar-22
24bitminers.com,Banking and Financial Services,"#bitcoin,#fund,#cryptocurrency",17-Mar-22
24cryptominers.com,Blockchain and Cryptocurrencies,"#bitcoin,#wallet,#cryptocurrency,#trading,#payment,#ethereum,#gold,#debt,#loan,#account",17-Mar-22
2asecuretrading.com,Blockchain and Cryptocurrencies,"#trading,#cryptocurrency,#bitcoin,#ethereum,#tether,#coin,#polkadot,#binance,#dogecoin,#polygon,#litecoin,#decentraland,#sandbox,#elrond,#monero,#account,#fund",17-Mar-22
2-xrp.com,Blockchain and Cryptocurrencies,"#blockchain,#cryptocurrency,#payment,#wallet",17-Mar-22
8bit-cat.com,Blockchain and Cryptocurrencies,"#trading,#pancakeswap,#wallet",17-Mar-22
abagoodstore.com,Blockchain and Cryptocurrencies,"#money,#coin,#account",17-Mar-22
abouttrusttradefi.net,Blockchain and Cryptocurrencies,"#finance,#cryptocurrency,#trading,#wallet,#blockchain,#bitcoin,#crypto,#account",17-Mar-22
abracapitals.com,Blockchain and Cryptocurrencies,"#cryptocurrency,#trading,#gold,#bitcoin,#crypto,#debt,#money,#ethereum,#altcoin,#blockchain,#fund",17-Mar-22
accelerate-bank.com,Blockchain and Cryptocurrencies,"#bank,#savings,#crypto,#finance,#payment,#wallet,#cryptocurrency,#bitcoin,#ethereum,#ledger,#blockchain",17-Mar-22
africalibrehandtohand.com,Blockchain and Cryptocurrencies,"#gold,#money,#coin,#cryptocurrency,#payment,#wallet,#account,#trading",17-Mar-22
aftfl.com,Banking and Financial Services,"#payment,#money,#bitcoin,#ethereum,#polkadot,#cryptocurrency,#wallet,#coin,#altcoin,#litecoin,#tezos,#dogecoin",17-Mar-22
aid2ukraine.online,Blockchain and Cryptocurrencies,"#bitcoin,#wallet,#ethereum",17-Mar-22
ainazeem.tech,Banking and Financial Services,"#account,#bank,#savings,#cryptocurrency,#gold,#money",17-Mar-22
akinoinu.pro,Blockchain and Cryptocurrencies,"#wallet,#swap",17-Mar-22
aldrivepadel.com,Blockchain and Cryptocurrencies,"#cryptocurrency,#bitcoin,#fund,#payment,#ethereum,#blockchain,#trading,#wallet,#crypto,#dogecoin",17-Mar-22
alphakriptic.com,Blockchain and Cryptocurrencies,"#cryptocurrency,#bitcoin,#ethereum,#tether,#litecoin,#trading,#wealth,#payment,#blockchain,#wallet,#coin,#bank,#savings",17-Mar-22
alrahman-trading.com,Blockchain and Cryptocurrencies,"#bitcoin,#ethereum,#tether,#coin,#polkadot,#binance,#dogecoin,#polygon,#litecoin,#decentraland,#sandbox,#monero,#elrond,#theta,#money",17-Mar-22
altroncrypto.com,Blockchain and Cryptocurrencies,"#crypto,#trading,#binance,#cryptocurrency,#bitcoin,#blockchain,#account,#payment,#fund,#wallet,#ethereum,#ripple,#tether,#coin",17-Mar-22
apenft.zone,Blockchain and Cryptocurrencies,"#opensea,#fund,#crypto,#wallet,#ethereum,#blockchain,#finance",17-Mar-22
app-fulcrum.trade,Blockchain and Cryptocurrencies,"#trading,#wallet,#polygon",17-Mar-22
app-polygon.website,Blockchain and Cryptocurrencies,"#polygon,#ethereum,#wallet,#walletconnect,#binance,#blockchain",17-Mar-22
arcanehedgefund.net,Banking and Financial Services,"#fund,#account,#cryptocurrency,#trading",17-Mar-22
arkinvestment.net,Blockchain and Cryptocurrencies,"#cryptocurrency,#money,#bitcoin,#ledger,#account,#payment,#blockchain,#bank,#coin",17-Mar-22
ark-vest.com,Blockchain and Cryptocurrencies,"#crypto,#wallet,#cryptocurrency,#payment",17-Mar-22
armorukraine.com,Blockchain and Cryptocurrencies,"#cryptocurrency,#coin,#account,#payment",17-Mar-22
avallaunch-ww.store,Blockchain and Cryptocurrencies,"#wallet,#finance",17-Mar-22
axieguide.xyz,Blockchain and Cryptocurrencies,"#axie,#ethereum,#blockchain",17-Mar-22
azino777-official-site441.win,Blockchain and Cryptocurrencies,"#money,#bitcoin,#litecoin",17-Mar-22
azino777-ru151.win,Blockchain and Cryptocurrencies,"#money,#bitcoin,#litecoin,#ethereum",17-Mar-22
babybombbsc.com,Blockchain and Cryptocurrencies,"#money,#coin,#wallet",17-Mar-22
babynearprotocol.com,Blockchain and Cryptocurrencies,"#binance,#wallet,#metamask,#cryptocurrency,#coinbase,#finance,#pancakeswap,#blockchain",17-Mar-22
bannyclubnft.com,Blockchain and Cryptocurrencies,"#polygon,#blockchain,#fund,#decentraland,#ledger,#wallet,#metamask",17-Mar-22
baob.online,Blockchain and Cryptocurrencies,#wallet,17-Mar-22
bitacexchange.com,Banking and Financial Services,"#trading,#gold,#bitcoin,#payment,#money",17-Mar-22
bitcoinfxexchange.com,Banking and Financial Services,"#money,#cryptocurrency,#payment,#gold,#wallet,#account",17-Mar-22
bitcoinscript.xyz,Blockchain and Cryptocurrencies,"#altcoin,#cryptocurrency",17-Mar-22
bitold.biz,Banking and Financial Services,"#bitcoin,#ethereum,#wallet,#account,#money,#payment,#litecoin,#dogecoin",17-Mar-22
blockloop.tech,Blockchain and Cryptocurrencies,"#blockchain,#finance,#dao,#ethereum",17-Mar-22
blue-wallet.net,Blockchain and Cryptocurrencies,"#bitcoin,#wallet",17-Mar-22
bnc-traders.com,Blockchain and Cryptocurrencies,"#trading,#money,#cryptocurrency,#ethereum,#tether,#binance,#coin,#dogecoin,#polkadot,#bitcoin,#account,#crypto,#finance",17-Mar-22
bobdoge.com,Blockchain and Cryptocurrencies,"#cryptocurrency,#dogecoin,#coin,#trading,#wallet,#metamask,#binance",17-Mar-22
bonzertrade.com,Blockchain and Cryptocurrencies,"#trading,#cryptocurrency,#account,#wallet,#money,#blockchain,#payment,#bitcoin",17-Mar-22
brand-trade.ltd,Blockchain and Cryptocurrencies,"#account,#trading,#cryptocurrency,#bitcoin,#wallet,#fund,#blockchain",17-Mar-22
breakingmatic.com,Blockchain and Cryptocurrencies,"#wallet,#walletconnect,#polygon",17-Mar-22
breastcoin.site,Blockchain and Cryptocurrencies,"#coin,#uniswap,#ethereum",17-Mar-22
brickbuy.finance,Blockchain and Cryptocurrencies,"#cryptocurrency,#coin,#crypto,#blockchain,#finance",17-Mar-22
btcnftinc.online,Blockchain and Cryptocurrencies,"#bitcoin,#payment,#ethereum,#nft,#coin,#blockchain,#wallet,#dogecoin",17-Mar-22
btcpremiumtrades.com,Banking and Financial Services,"#cryptocurrency,#trading,#account,#wallet,#insurance,#money,#bitcoin,#gold,#payment,#loan,#ethereum,#bank",17-Mar-22
btctrade.tech,Banking and Financial Services,"#money,#trading,#cryptocurrency,#gold,#payment,#wallet,#account",17-Mar-22
btctradeorg.com,Banking and Financial Services,"#money,#trading,#cryptocurrency,#gold,#payment,#wallet,#account",17-Mar-22
btctzlc.com,Blockchain and Cryptocurrencies,"#trading,#cryptocurrency",17-Mar-22
bytescan.net,Blockchain and Cryptocurrencies,"#tezos,#polkadot,#blockchain,#ethereum,#finance,#coin",17-Mar-22
cartoonsnft.online,Blockchain and Cryptocurrencies,#wallet,17-Mar-22
casinoinsider24.com,Blockchain and Cryptocurrencies,"#bitcoin,#crypto,#cryptocurrency,#solana,#blockchain,#ethereum",17-Mar-22
casino-obzor14.net,Blockchain and Cryptocurrencies,"#bitcoin,#litecoin,#ethereum,#wallet,#tether,#money",17-Mar-22
catsrewards.com,Blockchain and Cryptocurrencies,"#crypto,#fund,#binance,#wallet,#metamask,#coinbase,#kucoin",17-Mar-22
ceturi.net,Blockchain and Cryptocurrencies,#ethereum,17-Mar-22
chocolate-friends.com,Blockchain and Cryptocurrencies,"#polygon,#blockchain,#opensea,#mortgage",17-Mar-22
chromextensions.com,Blockchain and Cryptocurrencies,"#opensea,#polygon,#wallet",17-Mar-22
coinfxcrypto.com,Blockchain and Cryptocurrencies,"#trading,#account,#cryptocurrency,#bitcoin,#blockchain,#payment",17-Mar-22
coininvestor.network,Banking and Financial Services,"#coin,#account,#trading,#cryptocurrency,#money",17-Mar-22
coinkingbox.com,Blockchain and Cryptocurrencies,"#bitcoin,#wallet,#cryptocurrency,#payment",17-Mar-22
coinlivewatch.com,Blockchain and Cryptocurrencies,#coin,17-Mar-22
coinsmarktcapitl.net,Banking and Financial Services,"#trading,#account,#crypto,#wealth,#gold",17-Mar-22
coin-win.info,Blockchain and Cryptocurrencies,"#ethereum,#blockchain,#cryptocurrency,#wallet,#payment",17-Mar-22
comexcointrade.com,Blockchain and Cryptocurrencies,#coin,17-Mar-22
commemenism.xyz,Blockchain and Cryptocurrencies,"#wallet,#money,#account",17-Mar-22
commonwealthplc.com,Banking and Financial Services,"#bitcoin,#wallet,#cryptocurrency,#trading,#payment,#ethereum,#gold,#wealth,#debt,#loan,#account",17-Mar-22
coochmusic.com,Banking and Financial Services,"#money,#coin,#payment,#ethereum,#polkadot,#cryptocurrency,#wallet,#bitcoin,#altcoin,#litecoin,#tezos,#dogecoin",17-Mar-22
corysipper.com,Banking and Financial Services,"#money,#coin,#cryptocurrency,#payment,#ethereum,#polkadot,#wallet,#bitcoin,#altcoin,#litecoin,#tezos,#dogecoin",17-Mar-22
cowking.xyz,Blockchain and Cryptocurrencies,"#coin,#dogecoin,#wallet,#metamask,#finance,#pancakeswap,#swap",17-Mar-22
criptodebit.com,Banking and Financial Services,"#fund,#crypto,#account,#bitcoin,#litecoin,#ethereum,#tether",17-Mar-22
cryptobullmining.com,Blockchain and Cryptocurrencies,"#cryptocurrency,#trading,#crypto,#account",17-Mar-22
cryptocapitalearns.com,Blockchain and Cryptocurrencies,"#cryptocurrency,#trading,#money,#gold,#bitcoin,#insurance,#payment,#bank,#wallet,#blockchain,#account",17-Mar-22
cryptocoinmarket.trade,Blockchain and Cryptocurrencies,"#coin,#trading,#money,#bitcoin,#cryptocurrency,#altcoin,#ethereum,#blockchain,#crypto,#gold,#account,#wallet,#payment",17-Mar-22
cryptocuriouscreators.com,Blockchain and Cryptocurrencies,#crypto,17-Mar-22
cryptoforexindextrade.com,Blockchain and Cryptocurrencies,"#cryptocurrency,#trading,#account,#payment,#bank,#wallet,#gold,#bitcoin,#ethereum,#litecoin,#ripple,#wealth",17-Mar-22
crypto-forum.xyz,Blockchain and Cryptocurrencies,"#crypto,#account,#ethereum,#money,#trading,#bitcoin,#tether,#coin,#polygon",17-Mar-22
cryptogenes.net,Blockchain and Cryptocurrencies,#cryptocurrency,17-Mar-22
cryptoglobalservice.com,Banking and Financial Services,"#trading,#bitcoin,#coin,#gold,#payment,#money,#crypto",17-Mar-22
cryptoinvesting.ltd,Blockchain and Cryptocurrencies,"#cryptocurrency,#money,#blockchain,#bitcoin,#trading,#crypto,#finance",17-Mar-22
cryptokaris.com,Blockchain and Cryptocurrencies,"#bitcoin,#cryptocurrency,#blockchain,#finance,#money,#coin,#ethereum,#monero,#ripple,#litecoin,#trading,#dogecoin,#polkadot,#crypto,#fund,#wallet,#altcoin,#cardano,#polygon,#theta",17-Mar-22
cryptonews4.com,Blockchain and Cryptocurrencies,"#fund,#tether,#cryptocurrency",17-Mar-22
crypto-ranking.net,Blockchain and Cryptocurrencies,"#crypto,#bitcoin,#ethereum,#cryptocurrency,#account,#money,#coinbase,#kraken,#binance,#payment",17-Mar-22
cryptosignals.store,Blockchain and Cryptocurrencies,"#cryptocurrency,#ethereum,#crypto",17-Mar-22
cryptotimes247.com,Blockchain and Cryptocurrencies,"#trading,#bitcoin,#ethereum,#polkadot,#blockchain,#altcoin,#coin,#insurance,#cryptocurrency,#account,#tether,#cardano,#binance,#dogecoin,#polygon,#coinbase,#payment,#bank,#money,#crypto,#wallet,#uniswap",17-Mar-22
cryptoviewoption.com,Blockchain and Cryptocurrencies,"#bitcoin,#account,#fund,#wallet,#payment,#trading,#cryptocurrency,#crypto,#ethereum,#dash,#monero,#money",17-Mar-22
cryptowalletassist.online,Blockchain and Cryptocurrencies,"#cryptocurrency,#crypto,#ledger,#wallet,#bitcoin,#ethereum,#blockchain,#account,#money,#payment",17-Mar-22
cryptoxpats.com,Blockchain and Cryptocurrencies,"#trading,#crypto,#wallet,#payment,#cryptocurrency,#account",17-Mar-22
crypto-xperts.net,Blockchain and Cryptocurrencies,"#trading,#bitcoin,#cryptocurrency,#crypto,#insurance,#wallet",17-Mar-22
currencyblogs.xyz,Blockchain and Cryptocurrencies,"#cryptocurrency,#ethereum,#dogecoin,#coinbase,#bitcoin,#crypto",17-Mar-22
daapfixeds.com,Blockchain and Cryptocurrencies,"#wallet,#cryptocurrency,#blockchain,#ethereum,#polygon",17-Mar-22
dailytokenltd.com,Blockchain and Cryptocurrencies,"#cryptocurrency,#wallet,#ethereum,#crypto,#bitcoin,#binance,#coin",17-Mar-22
dappdirectconnect.com,Blockchain and Cryptocurrencies,"#crypto,#wallet,#blockchain,#ledger,#huobi,#safepal,#binance",17-Mar-22
dappsconnector.online,Blockchain and Cryptocurrencies,"#crypto,#coin,#fund,#wallet",17-Mar-22
darthkogan.com,Blockchain and Cryptocurrencies,"#cryptocurrency,#bitcoin,#wealth",17-Mar-22
defistudios.net,Blockchain and Cryptocurrencies,#blockchain,17-Mar-22
delpeters.online,Blockchain and Cryptocurrencies,"#finance,#blockchain,#trading,#cryptocurrency",17-Mar-22
digitalassetradingpro.com,Blockchain and Cryptocurrencies,"#cryptocurrency,#dash,#bitcoin,#blockchain,#trading,#payment,#bank,#account,#gold,#money,#wallet",17-Mar-22
dippies-nft.online,Blockchain and Cryptocurrencies,#wallet,17-Mar-22
distrating.network,Blockchain and Cryptocurrencies,"#binance,#blockchain,#cryptocurrency,#payment,#wallet,#account",17-Mar-22
ditotrade.ltd,Banking and Financial Services,"#bitcoin,#money,#cryptocurrency,#trading,#account,#wallet,#payment",17-Mar-22
dogelongiveaway.com,Blockchain and Cryptocurrencies,"#blockchain,#cryptocurrency,#payment,#wallet",17-Mar-22
dogepunk.finance,Blockchain and Cryptocurrencies,"#swap,#coin",17-Mar-22
dominancechain.digital,Blockchain and Cryptocurrencies,"#payment,#finance,#money,#bank,#account,#blockchain,#crypto,#cryptocurrency,#wallet,#binance",17-Mar-22
doozie-gaming.finance,Blockchain and Cryptocurrencies,"#trading,#cryptocurrency,#blockchain,#wallet",17-Mar-22
dourdarcels-nft.online,Blockchain and Cryptocurrencies,#wallet,17-Mar-22
dozenways.com,Blockchain and Cryptocurrencies,"#bitcoin,#coin,#account",17-Mar-22
drpapadakis.com,Banking and Financial Services,"#money,#coin,#bitcoin,#payment,#ethereum,#polkadot,#cryptocurrency,#wallet,#altcoin,#litecoin,#tezos,#dogecoin",17-Mar-22
drugreceipts-nft.online,Blockchain and Cryptocurrencies,#wallet,17-Mar-22
dynamicwallets.com,Blockchain and Cryptocurrencies,"#wallet,#gold,#payment",17-Mar-22
dysontrolomb.com,Blockchain and Cryptocurrencies,"#decentraland,#ethereum,#blockchain",17-Mar-22
eamdao.com,Blockchain and Cryptocurrencies,#wallet,17-Mar-22
earncoins.pro,Blockchain and Cryptocurrencies,"#account,#payment,#wallet,#money,#bitcoin,#dash,#tether,#ethereum,#monero,#litecoin,#dogecoin",17-Mar-22
easymoneybrowser.com,Blockchain and Cryptocurrencies,"#money,#bitcoin,#payment,#account,#monero,#cryptocurrency,#blockchain,#altcoin,#coin,#wallet,#ethereum,#tether",17-Mar-22
eatmoregrits.com,Banking and Financial Services,"#money,#bitcoin,#ethereum,#polkadot,#cryptocurrency,#wallet,#coin,#payment,#altcoin,#litecoin,#tezos,#dogecoin",17-Mar-22
eazybot-network.com,Blockchain and Cryptocurrencies,"#binance,#coinbase,#kraken,#blockchain",17-Mar-22
edmediausa.com,Banking and Financial Services,"#money,#coin,#ethereum,#litecoin,#payment,#polkadot,#cryptocurrency,#wallet,#bitcoin,#altcoin,#tezos,#dogecoin",17-Mar-22
efidelinvest.com,Blockchain and Cryptocurrencies,"#trading,#account,#cryptocurrency,#wealth,#crypto,#gold,#money,#wallet",17-Mar-22
elitetechcoin.com,Blockchain and Cryptocurrencies,"#coin,#bitcoin,#ethereum,#ripple,#dash,#blockchain,#trading",17-Mar-22
elliptic.network,Blockchain and Cryptocurrencies,"#cryptocurrency,#blockchain,#wallet,#money,#trading,#crypto",17-Mar-22
elonpunkyachtclubwallet.com,Blockchain and Cryptocurrencies,#wallet,17-Mar-22
elonsatoshitoken.com,Blockchain and Cryptocurrencies,"#trading,#coin,#money,#binance,#pancakeswap,#wallet",17-Mar-22
enponews.com,Blockchain and Cryptocurrencies,"#cryptocurrency,#blockchain",17-Mar-22
entrewealth.site,Blockchain and Cryptocurrencies,"#wealth,#cryptocurrency,#trading",17-Mar-22
equity-crypto.com,Blockchain and Cryptocurrencies,"#crypto,#payment,#cryptocurrency,#trading,#money,#finance",17-Mar-22
erisxfx.com,Blockchain and Cryptocurrencies,"#bitcoin,#wallet,#crypto,#cryptocurrency,#coin,#account",17-Mar-22
etlsl.com,Banking and Financial Services,"#money,#coin,#ethereum,#polkadot,#cryptocurrency,#wallet,#bitcoin,#payment,#altcoin,#litecoin,#tezos,#dogecoin",17-Mar-22
etzyninjas.com,Banking and Financial Services,"#account,#payment,#bank,#bitcoin,#crypto",17-Mar-22
exchangecapital.biz,Blockchain and Cryptocurrencies,"#finance,#money,#crypto,#ethereum,#cryptocurrency",17-Mar-22
exchangegoldcoin.com,Blockchain and Cryptocurrencies,"#trading,#bitcoin,#ethereum,#wallet,#account",17-Mar-22
exnesscoin.com,Blockchain and Cryptocurrencies,#wallet,17-Mar-22
expay.digital,Blockchain and Cryptocurrencies,"#dash,#bitcoin,#ethereum,#litecoin,#tether,#monero,#cryptocurrency",17-Mar-22
expertbtcminer.com,Banking and Financial Services,"#trading,#cryptocurrency,#money,#account,#fund,#bitcoin,#ethereum,#dash,#coin,#payment,#wallet,#insurance",17-Mar-22
expoautoprogrammer.com,Blockchain and Cryptocurrencies,"#blockchain,#crypto,#cryptocurrency,#wallet,#ethereum,#finance",17-Mar-22
extension-crabada.com,Blockchain and Cryptocurrencies,#wallet,17-Mar-22
eynshamam.xyz,Blockchain and Cryptocurrencies,"#bitcoin,#blockchain,#crypto,#gold",17-Mar-22
eythorneyen.xyz,Blockchain and Cryptocurrencies,"#trading,#blockchain,#bitcoin,#ethereum,#money",17-Mar-22
ezminingcloud.com,Blockchain and Cryptocurrencies,"#bitcoin,#account,#binance,#cryptocurrency,#trading,#ethereum,#kucoin,#coin,#finance",17-Mar-22
failsworth.xyz,Blockchain and Cryptocurrencies,"#crypto,#bitcoin,#cryptocurrency,#wallet",17-Mar-22
fairfieldinvestememt.com,Blockchain and Cryptocurrencies,"#insurance,#trading,#account,#crypto,#wealth,#money,#finance,#cryptocurrency,#fund,#bitcoin",17-Mar-22
fairfordy.xyz,Blockchain and Cryptocurrencies,"#trading,#wallet,#bitcoin,#crypto,#money,#blockchain,#finance",17-Mar-22
fakenhamn.xyz,Blockchain and Cryptocurrencies,"#crypto,#binance,#finance,#cryptocurrency,#blockchain",17-Mar-22
falkirkak.xyz,Blockchain and Cryptocurrencies,"#helium,#cryptocurrency,#crypto,#wallet,#finance,#money",17-Mar-22
falmouthy.xyz,Blockchain and Cryptocurrencies,"#crypto,#wallet",17-Mar-22
farehamnan.xyz,Blockchain and Cryptocurrencies,"#crypto,#money,#finance",17-Mar-22
faringtony.xyz,Blockchain and Cryptocurrencies,"#crypto,#blockchain,#wallet",17-Mar-22
farnborougha.xyz,Blockchain and Cryptocurrencies,"#finance,#crypto,#bitcoin,#coin,#wealth,#blockchain,#cryptocurrency,#gold",17-Mar-22
farnhamroyal.xyz,Blockchain and Cryptocurrencies,"#crypto,#bitcoin,#uniswap,#blockchain,#account,#cardano",17-Mar-22
farnleyenzy.xyz,Blockchain and Cryptocurrencies,"#crypto,#trading,#solana,#theta",17-Mar-22
farnsfieldy.xyz,Blockchain and Cryptocurrencies,"#crypto,#cryptocurrency,#money,#blockchain,#trading,#binance",17-Mar-22
farnworthy.xyz,Blockchain and Cryptocurrencies,"#finance,#money,#crypto,#wallet",17-Mar-22
faucetgift2022.online,Blockchain and Cryptocurrencies,"#coin,#wallet,#cryptocurrency,#account",17-Mar-22
fauldhousey.xyz,Blockchain and Cryptocurrencies,"#money,#bitcoin,#cryptocurrency,#payment,#wallet,#finance",17-Mar-22
favershama.xyz,Blockchain and Cryptocurrencies,"#crypto,#cryptocurrency,#blockchain,#ethereum,#finance,#money",17-Mar-22
fazeleye.xyz,Blockchain and Cryptocurrencies,"#crypto,#tether,#bitcoin,#finance,#nft,#wallet,#opensea,#ledger,#money",17-Mar-22
featherstoneye.xyz,Blockchain and Cryptocurrencies,"#trading,#finance,#bitcoin,#ethereum",17-Mar-22
fedancapital.com,Banking and Financial Services,"#crypto,#trading,#bitcoin,#cryptocurrency,#money,#gold",17-Mar-22
felixstoweya.xyz,Blockchain and Cryptocurrencies,"#money,#coin,#axie,#blockchain,#metamask",17-Mar-22
felthamy.xyz,Blockchain and Cryptocurrencies,"#finance,#blockchain,#swap",17-Mar-22
feltonany.xyz,Blockchain and Cryptocurrencies,"#finance,#cryptocurrency,#swap,#opensea,#crypto,#ethereum,#savings,#bitcoin,#trading,#blockchain",17-Mar-22
feltwellen.xyz,Blockchain and Cryptocurrencies,"#altcoin,#metamask,#polygon,#blockchain,#cryptocurrency,#money",17-Mar-22
fenstantonen.xyz,Blockchain and Cryptocurrencies,"#ethereum,#cryptocurrency,#crypto,#finance,#bitcoin,#uniswap,#trading",17-Mar-22
fentonen.xyz,Blockchain and Cryptocurrencies,"#blockchain,#crypto,#wallet,#cryptocurrency,#kusama",17-Mar-22
feockeen.xyz,Blockchain and Cryptocurrencies,"#crypto,#money,#cryptocurrency,#wallet,#blockchain,#finance",17-Mar-22
ferndaleye.xyz,Blockchain and Cryptocurrencies,"#iota,#ethereum,#blockchain",17-Mar-22
ferndowna.xyz,Blockchain and Cryptocurrencies,"#crypto,#blockchain,#trading",17-Mar-22
ferringagon.xyz,Blockchain and Cryptocurrencies,"#cryptocurrency,#bitcoin,#finance,#kraken",17-Mar-22
ferryhille.xyz,Blockchain and Cryptocurrencies,"#binance,#bitcoin",17-Mar-22
ffestiniogago.xyz,Blockchain and Cryptocurrencies,"#blockchain,#cryptocurrency,#crypto,#ethereum,#savings,#account",17-Mar-22
fideltraders.com,Banking and Financial Services,"#account,#blockchain,#trading,#cryptocurrency,#ethereum",17-Mar-22
fifacoinhub.com,Blockchain and Cryptocurrencies,"#coin,#money,#account",17-Mar-22
fightneverends.com,Blockchain and Cryptocurrencies,"#binance,#crypto,#pancakeswap,#metamask,#wallet,#kraken,#coinbase,#swap,#trezor,#ledger,#safepal",17-Mar-22
fileyeny.xyz,Blockchain and Cryptocurrencies,"#pancakeswap,#binance,#finance,#blockchain,#money",17-Mar-22
financialeducation.store,Blockchain and Cryptocurrencies,"#finance,#money,#insurance,#bitcoin,#blockchain",17-Mar-22
finchleya.xyz,Blockchain and Cryptocurrencies,#crypto,17-Mar-22
firstuniversaltradebitcoinmining.online,Banking and Financial Services,"#bitcoin,#trading,#cryptocurrency,#blockchain,#money,#payment,#account,#gold",17-Mar-22
fishburnam.xyz,Blockchain and Cryptocurrencies,"#axie,#wallet,#crypto,#ethereum,#cryptocurrency,#finance",17-Mar-22
fishtofty.xyz,Blockchain and Cryptocurrencies,"#bitcoin,#cryptocurrency,#finance",17-Mar-22
flashpointmining.com,Blockchain and Cryptocurrencies,"#account,#payment,#bitcoin,#ethereum",17-Mar-22
fleetwoodoon.xyz,Blockchain and Cryptocurrencies,"#trading,#finance,#binance,#cryptocurrency,#money",17-Mar-22
flintinen.xyz,Blockchain and Cryptocurrencies,"#helium,#altcoin,#bitcoin",17-Mar-22
flintmark.com,Blockchain and Cryptocurrencies,"#cryptocurrency,#blockchain,#bitcoin,#coin,#ethereum,#trading,#ripple,#money,#payment",17-Mar-22
flitwickan.xyz,Blockchain and Cryptocurrencies,"#crypto,#finance,#bitcoin,#money,#ethereum,#blockchain",17-Mar-22
flixtonet.xyz,Blockchain and Cryptocurrencies,"#bitcoin,#ethereum,#crypto,#trading",17-Mar-22
flokigo.com,Blockchain and Cryptocurrencies,"#coin,#wallet,#trading",17-Mar-22
flokiwoo.online,Blockchain and Cryptocurrencies,"#binance,#wealth,#wallet,#swap,#trading,#loan,#crypto,#ethereum",17-Mar-22
fmaexchange.com,Blockchain and Cryptocurrencies,"#blockchain,#wallet,#payment,#bitcoin,#ethereum,#trading,#wealth,#coin,#cryptocurrency,#savings,#bank",17-Mar-22
fnstore.site,Banking and Financial Services,"#account,#payment,#bitcoin",17-Mar-22
folkestoney.xyz,Blockchain and Cryptocurrencies,#blockchain,17-Mar-22
foorenxiang.com,Blockchain and Cryptocurrencies,#blockchain,17-Mar-22
fordhamay.xyz,Blockchain and Cryptocurrencies,"#cryptocurrency,#crypto,#finance,#blockchain,#opensea,#swap",17-Mar-22
forexbase.net,Blockchain and Cryptocurrencies,"#cryptocurrency,#loan,#account,#finance,#trading,#money,#gold,#fund,#bitcoin",17-Mar-22
formationstudios.xyz,Blockchain and Cryptocurrencies,"#blockchain,#crypto",17-Mar-22
fortnitefel.site,Blockchain and Cryptocurrencies,"#bitcoin,#crypto,#kraken,#trading,#money,#ethereum,#coin,#savings,#blockchain,#fund,#cryptocurrency,#binance,#sandbox,#payment,#finance",17-Mar-22
fortune007.com,Blockchain and Cryptocurrencies,"#cryptocurrency,#blockchain",17-Mar-22
fuyoh.asia,Blockchain and Cryptocurrencies,"#blockchain,#swap,#trading,#polygon,#wallet",17-Mar-22
fxbitcoinminer.com,Blockchain and Cryptocurrencies,"#bitcoin,#trading,#blockchain,#cryptocurrency,#ethereum,#crypto,#finance,#account,#money,#payment",17-Mar-22
fxbitcore.xyz,Blockchain and Cryptocurrencies,"#bitcoin,#payment,#fund,#ethereum,#bank,#account,#cryptocurrency",17-Mar-22
fxcashmining.com,Blockchain and Cryptocurrencies,"#bitcoin,#wallet,#bank,#blockchain,#cryptocurrency,#trading,#payment,#account,#swap,#money",17-Mar-22
fxcryptolifetime.net,Blockchain and Cryptocurrencies,"#bitcoin,#wallet,#bank,#account,#trading,#cryptocurrency,#gold,#money,#payment",17-Mar-22
fxminecoinvest.com,Blockchain and Cryptocurrencies,"#trading,#blockchain,#cryptocurrency,#bitcoin,#ethereum,#crypto,#finance,#account,#money,#payment",17-Mar-22
fxprocryptoinvest.com,Blockchain and Cryptocurrencies,"#trading,#bitcoin,#wallet,#cryptocurrency,#payment,#ethereum,#gold,#debt,#loan,#account",17-Mar-22
fxrobottrade.world,Blockchain and Cryptocurrencies,"#blockchain,#finance,#trading,#loan,#cryptocurrency",17-Mar-22
fxscapitalmarket.com,Blockchain and Cryptocurrencies,"#cryptocurrency,#trading,#crypto,#account",17-Mar-22
fx-signalspro.com,Banking and Financial Services,"#money,#cryptocurrency,#trading,#crypto",17-Mar-22
fxtradeespanacom.com,Blockchain and Cryptocurrencies,"#trading,#wallet,#payment,#bank,#cryptocurrency,#bitcoin,#account,#money",17-Mar-22
fxtradingminecoinvest.com,Banking and Financial Services,"#trading,#blockchain,#cryptocurrency,#bitcoin,#ethereum,#crypto,#finance,#account,#money,#payment",17-Mar-22
galaxicat.com,Blockchain and Cryptocurrencies,"#binance,#savings,#account,#money,#blockchain",17-Mar-22
gambleverse.online,Blockchain and Cryptocurrencies,"#blockchain,#wallet,#binance,#coin",17-Mar-22
gaoqian.icu,Blockchain and Cryptocurrencies,"#cryptocurrency,#wallet",17-Mar-22
gate100x.com,Blockchain and Cryptocurrencies,"#blockchain,#cryptocurrency,#wallet",17-Mar-22
gatminingsupportservicses.info,Blockchain and Cryptocurrencies,"#finance,#gold,#payment,#bank,#money",17-Mar-22
gazebo-plans.com,Banking and Financial Services,"#money,#coin,#payment,#bitcoin,#ethereum,#polkadot,#cryptocurrency,#wallet,#altcoin,#litecoin,#tezos,#dogecoin",17-Mar-22
gemgive.net,Blockchain and Cryptocurrencies,"#bitcoin,#ethereum,#account,#wallet,#coinbase,#crypto",17-Mar-22
geminiassetbargain.com,Banking and Financial Services,"#cryptocurrency,#trading,#account,#wallet,#insurance,#money,#bitcoin,#payment,#loan",17-Mar-22
geminifintechfunds.com,Blockchain and Cryptocurrencies,"#money,#bitcoin,#payment,#cryptocurrency,#wallet,#blockchain",17-Mar-22
gemstonecrafts.net,Blockchain and Cryptocurrencies,"#litecoin,#bitcoin",17-Mar-22
generatethenext.com,Blockchain and Cryptocurrencies,"#bitcoin,#gold,#ledger,#fund,#coinbase",17-Mar-22
georgiaretirementfund.com,Banking and Financial Services,"#fund,#blockchain,#account,#payment,#wallet,#swap,#bitcoin,#ethereum,#litecoin,#kraken,#money",17-Mar-22
get3xwax.com,Blockchain and Cryptocurrencies,"#blockchain,#wallet,#trading,#ethereum",17-Mar-22
getbitcoinsecrets.com,Blockchain and Cryptocurrencies,"#money,#bitcoin",17-Mar-22
glandigoart.com,Banking and Financial Services,"#money,#coin,#payment,#wallet,#cryptocurrency,#ethereum,#polkadot,#bitcoin,#altcoin,#litecoin,#tezos,#dogecoin",17-Mar-22
globalasset.online,Banking and Financial Services,"#trading,#account,#cryptocurrency,#insurance,#bitcoin,#payment",17-Mar-22
globalcryptocoininvestment.com,Blockchain and Cryptocurrencies,"#coin,#cryptocurrency,#bitcoin,#trading,#account,#payment,#bank,#wallet,#gold,#ethereum,#litecoin,#ripple,#money,#debt",17-Mar-22
global-expert-profit.com,Blockchain and Cryptocurrencies,"#payment,#bitcoin,#cryptocurrency,#money,#trading",17-Mar-22
globalgiving.online,Blockchain and Cryptocurrencies,"#fund,#bitcoin,#wallet",17-Mar-22
globalminernft.com,Blockchain and Cryptocurrencies,"#blockchain,#gold,#wallet,#binance",17-Mar-22
globalstock-investment.com,Banking and Financial Services,"#trading,#cryptocurrency,#money,#account",17-Mar-22
globalvest.online,Banking and Financial Services,"#trading,#bitcoin,#payment,#money",17-Mar-22
goldcoinempire.com,Blockchain and Cryptocurrencies,"#finance,#payment,#money,#trading,#cryptocurrency,#blockchain,#bitcoin,#ethereum,#tether,#coin,#polkadot",17-Mar-22
goldenshibaeth.com,Blockchain and Cryptocurrencies,"#metamask,#wallet,#ethereum,#kraken,#coinbase,#uniswap",17-Mar-22
goldjackpotcasino.com,Blockchain and Cryptocurrencies,#gold,17-Mar-22
goldvisionary.com,Blockchain and Cryptocurrencies,"#blockchain,#money",17-Mar-22
golf.finance,Blockchain and Cryptocurrencies,"#cryptocurrency,#crypto,#bitcoin,#blockchain,#coin,#altcoin,#money,#ethereum,#finance",17-Mar-22
goocoinx.com,Blockchain and Cryptocurrencies,"#swap,#cryptocurrency,#bank,#wallet,#metamask,#coinbase,#binance",17-Mar-22
graphiccardsandminershop.com,Blockchain and Cryptocurrencies,"#ethereum,#cryptocurrency,#account",17-Mar-22
greathousepets.com,Blockchain and Cryptocurrencies,"#blockchain,#cryptocurrency,#crypto,#coinbase,#wallet,#bitcoin,#trading,#finance,#binance,#ethereum",17-Mar-22
greconft.art,Blockchain and Cryptocurrencies,#nft,17-Mar-22
greenbitcoin.money,Blockchain and Cryptocurrencies,"#bitcoin,#money",17-Mar-22
gridcoin.finance,Blockchain and Cryptocurrencies,"#wallet,#coin,#crypto,#bitcoin,#account",17-Mar-22
grillshift.com,Banking and Financial Services,"#money,#ethereum,#payment,#coin,#bank,#polkadot,#cryptocurrency,#wallet,#bitcoin,#altcoin,#litecoin,#tezos,#dogecoin",17-Mar-22
griprubberco.com,Blockchain and Cryptocurrencies,,17-Mar-22
guardatrading.com,Banking and Financial Services,"#trading,#account,#crypto,#wallet",17-Mar-22
guttercatgang-nft.online,Blockchain and Cryptocurrencies,#wallet,17-Mar-22
gwadarplatinumestate.com,Blockchain and Cryptocurrencies,"#crypto,#blockchain,#bank",17-Mar-22
gwocapital.com,Blockchain and Cryptocurrencies,#sandbox,17-Mar-22
gynysyspay.com,Blockchain and Cryptocurrencies,"#wallet,#payment",17-Mar-22
hartboillot.com,Banking and Financial Services,"#money,#ethereum,#coin,#altcoin,#polkadot,#cryptocurrency,#wallet,#bitcoin,#payment,#litecoin,#tezos,#dogecoin",17-Mar-22
hashmining.club,Blockchain and Cryptocurrencies,"#cryptocurrency,#trading",17-Mar-22
hawksarmy.com,Blockchain and Cryptocurrencies,"#coin,#ethereum,#trading,#bitcoin",17-Mar-22
hcn.digital,Blockchain and Cryptocurrencies,"#cryptocurrency,#trading,#coin,#ethereum,#crypto,#payment,#money,#bank",17-Mar-22
hcoin.digital,Blockchain and Cryptocurrencies,"#cryptocurrency,#trading,#coin,#ethereum,#crypto,#payment,#money,#bank",17-Mar-22
hellovolk.com,Blockchain and Cryptocurrencies,"#cryptocurrency,#payment,#coin",17-Mar-22
helping-people.online,Blockchain and Cryptocurrencies,"#cryptocurrency,#dash",17-Mar-22
helptopeace.com,Blockchain and Cryptocurrencies,#money,17-Mar-22
hetrixpty.com,Blockchain and Cryptocurrencies,"#trading,#wealth,#cryptocurrency,#account,#blockchain",17-Mar-22
highfactortradex.com,Blockchain and Cryptocurrencies,"#cryptocurrency,#trading,#account,#payment,#bank,#wallet,#gold,#bitcoin,#ethereum,#litecoin,#ripple",17-Mar-22
hkrobopartners.com,Blockchain and Cryptocurrencies,"#bitcoin,#account,#ethereum,#altcoin,#binance,#litecoin,#coinbase,#kraken,#money",17-Mar-22
home-motelis.com,Blockchain and Cryptocurrencies,"#polygon,#wallet,#ethereum",17-Mar-22
hoodedhijabis.com,Blockchain and Cryptocurrencies,#opensea,17-Mar-22
hot24.exchange,Blockchain and Cryptocurrencies,"#bitcoin,#tether,#money,#monero,#dash,#polkadot,#coin,#ethereum",17-Mar-22
hotswap.cloud,Banking and Financial Services,"#crypto,#cryptocurrency,#swap,#bitcoin,#ethereum,#monero",17-Mar-22
htcryptominers.com,Blockchain and Cryptocurrencies,"#ethereum,#payment,#bitcoin,#insurance",17-Mar-22
hungrycat.xyz,Blockchain and Cryptocurrencies,"#uniswap,#wallet,#trading,#fund,#crypto,#cryptocurrency",17-Mar-22
hyiplegit.com,Blockchain and Cryptocurrencies,"#payment,#trading,#cryptocurrency,#money,#bitcoin",17-Mar-22
idealibri.com,Banking and Financial Services,"#money,#coin,#payment,#polkadot,#ethereum,#cryptocurrency,#wallet,#bitcoin,#altcoin,#litecoin,#tezos,#dogecoin",17-Mar-22
idelityautotrading.com,Banking and Financial Services,"#trading,#cryptocurrency,#crypto,#wallet,#gold,#account",17-Mar-22
ilikeyouyoureweird-nft.online,Blockchain and Cryptocurrencies,#wallet,17-Mar-22
indicescapitalmarket.com,Banking and Financial Services,"#trading,#account,#loan,#crypto,#coin,#cryptocurrency,#wealth,#money,#gold,#payment,#bitcoin,#finance,#fund",17-Mar-22
infinitexminer.com,Blockchain and Cryptocurrencies,"#bitcoin,#account,#trading,#wallet,#cryptocurrency,#blockchain,#payment,#bank,#money",17-Mar-22
inlab-id.com,Blockchain and Cryptocurrencies,"#cryptocurrency,#trading,#crypto",17-Mar-22
instantfinance.ltd,Banking and Financial Services,"#finance,#cryptocurrency,#gold,#payment,#money,#wallet,#account,#bitcoin,#dogecoin,#ethereum",17-Mar-22
investmentfcu.com,Banking and Financial Services,"#bank,#money,#account,#loan,#cryptocurrency,#wealth,#insurance",17-Mar-22
investsgp.com,Banking and Financial Services,"#money,#savings,#loan,#wealth,#trading,#cryptocurrency,#crypto,#wallet,#ledger",17-Mar-22
ipermojis.com,Blockchain and Cryptocurrencies,"#polygon,#blockchain,#loan",17-Mar-22
ipnsgo.com,Blockchain and Cryptocurrencies,"#ethereum,#blockchain",17-Mar-22
iqfxtradeoption.com,Blockchain and Cryptocurrencies,"#cryptocurrency,#bitcoin,#trading,#account,#payment,#bank,#wallet,#gold,#ethereum,#litecoin,#ripple,#money,#debt",17-Mar-22
ivoire.exchange,Blockchain and Cryptocurrencies,"#blockchain,#cryptocurrency,#crypto,#wallet,#coin,#payment,#ethereum,#finance",17-Mar-22
jamaljohnson.com,Blockchain and Cryptocurrencies,"#bitcoin,#cryptocurrency,#dash,#crypto,#blockchain,#payment,#wallet,#tether,#bitfinex,#trading,#monero,#iota,#ethereum",17-Mar-22
jammin1926.com,Blockchain and Cryptocurrencies,"#blockchain,#cardano",17-Mar-22
jayacoin.com,Blockchain and Cryptocurrencies,"#cryptocurrency,#blockchain,#payment,#crypto,#ethereum,#bitcoin,#finance,#trading,#account,#wallet,#altcoin,#money,#loan,#debt",17-Mar-22
jayanft.com,Blockchain and Cryptocurrencies,"#cryptocurrency,#blockchain,#payment,#crypto,#ethereum,#bitcoin,#finance,#trading,#account,#wallet,#altcoin,#money,#loan,#debt",17-Mar-22
jeffkolodny.com,Banking and Financial Services,"#money,#payment,#ethereum,#coin,#polkadot,#cryptocurrency,#wallet,#bitcoin,#altcoin,#litecoin,#tezos,#dogecoin",17-Mar-22
jobcryptopayed.com,Blockchain and Cryptocurrencies,"#binance,#account,#cryptocurrency,#coin,#trading,#money",17-Mar-22
joinmoon.net,Blockchain and Cryptocurrencies,"#cryptocurrency,#bitcoin,#ethereum,#dogecoin,#account,#coinbase,#wallet,#crypto",17-Mar-22
jordanmining.com,Blockchain and Cryptocurrencies,"#coin,#account,#cryptocurrency,#payment,#trading",17-Mar-22
junkyblog.online,Blockchain and Cryptocurrencies,"#bitcoin,#cryptocurrency",17-Mar-22
junsonbugger.xyz,Banking and Financial Services,"#cryptocurrency,#mortgage,#payment,#loan,#savings,#money,#account,#bank,#debt,#fund,#insurance,#wealth,#finance,#bitcoin,#coin,#ethereum,#tether,#binance,#ripple,#cardano,#solana,#blockchain,#polkadot,#crypto",17-Mar-22
kafubitcm.xyz,Blockchain and Cryptocurrencies,"#bitcoin,#cryptocurrency,#money,#payment,#finance,#crypto,#bank,#trading,#account,#ethereum,#wealth,#monero",17-Mar-22
katniptoken.com,Blockchain and Cryptocurrencies,"#binance,#cryptocurrency,#wallet,#pancakeswap,#swap,#metamask,#kraken,#coinbase",17-Mar-22
kavasource.com,Banking and Financial Services,"#money,#wallet,#bitcoin,#ethereum,#coin,#polkadot,#cryptocurrency,#payment,#altcoin,#litecoin,#tezos,#dogecoin",17-Mar-22
kcetrade.com,Blockchain and Cryptocurrencies,"#trading,#wallet,#payment,#bank,#cryptocurrency,#bitcoin,#account,#money",17-Mar-22
kerincy.com,Blockchain and Cryptocurrencies,"#swap,#finance,#wallet",17-Mar-22
keytoorlando.com,Banking and Financial Services,"#tezos,#money,#payment,#ethereum,#polkadot,#cryptocurrency,#wallet,#coin,#bitcoin,#altcoin,#litecoin,#dogecoin",17-Mar-22
kiba-inu.online,Blockchain and Cryptocurrencies,#cryptocurrency,17-Mar-22
killputincoin.com,Blockchain and Cryptocurrencies,"#cryptocurrency,#coin,#blockchain,#wallet",17-Mar-22
kingmenet.com,Banking and Financial Services,"#money,#bitcoin,#coin,#ethereum,#polkadot,#cryptocurrency,#wallet,#payment,#altcoin,#litecoin,#tezos,#dogecoin",17-Mar-22
kismoney.com,Banking and Financial Services,"#money,#tether,#trading,#ethereum,#gold,#cryptocurrency,#payment,#wallet,#account,#fund",17-Mar-22
kotak-token.com,Blockchain and Cryptocurrencies,"#cryptocurrency,#blockchain,#binance,#finance,#wealth,#trading,#polkadot,#money,#coin,#wallet,#ledger",17-Mar-22
kucoin.fan,Banking and Financial Services,"#bitcoin,#trading,#kucoin",17-Mar-22
kuionholdingcompany.ltd,Blockchain and Cryptocurrencies,"#account,#wealth,#trading,#gold,#cryptocurrency,#bitcoin,#blockchain,#money,#payment",17-Mar-22
landoncarter.xyz,Blockchain and Cryptocurrencies,"#blockchain,#crypto,#wallet,#trading,#finance,#bitcoin",17-Mar-22
lapstoken.website,Blockchain and Cryptocurrencies,"#finance,#cryptocurrency,#binance,#wallet,#crypto",17-Mar-22
launchpad-trustpad.com,Blockchain and Cryptocurrencies,"#wallet,#binance,#swap",17-Mar-22
ledger-eu.com,Blockchain and Cryptocurrencies,"#wallet,#ledger,#crypto,#money,#bitcoin,#cryptocurrency,#blockchain,#elrond,#coinbase,#payment",17-Mar-22
lesstradesfx.com,Blockchain and Cryptocurrencies,"#bitcoin,#trading,#wallet,#gold,#cryptocurrency,#payment,#account,#money",17-Mar-22
lgarcvb.com,Banking and Financial Services,"#money,#coin,#bank,#ethereum,#polkadot,#cryptocurrency,#wallet,#bitcoin,#payment,#altcoin,#litecoin,#tezos,#dogecoin",17-Mar-22
libra-beam.ltd,Blockchain and Cryptocurrencies,"#money,#coin,#wallet,#dash,#bitcoin,#litecoin,#dogecoin,#ethereum,#cryptocurrency,#binance,#coinbase,#kraken",17-Mar-22
liftedelephant.info,Blockchain and Cryptocurrencies,"#polygon,#blockchain",17-Mar-22
lilbabymeebits.xyz,Blockchain and Cryptocurrencies,#wallet,17-Mar-22
limdealsllp.com,Banking and Financial Services,"#cryptocurrency,#trading,#crypto",17-Mar-22
loanraising.com,Blockchain and Cryptocurrencies,"#loan,#mortgage,#cryptocurrency,#bitcoin,#payment,#bank",17-Mar-22
lordtoken.info,Blockchain and Cryptocurrencies,#wallet,17-Mar-22
luna-ceo.com,Blockchain and Cryptocurrencies,"#blockchain,#cryptocurrency,#payment,#wallet",17-Mar-22
madaraeth.com,Blockchain and Cryptocurrencies,"#wallet,#opensea,#ethereum,#blockchain,#trading,#uniswap,#dao,#metamask,#binance,#swap",17-Mar-22
magikeden.info,Blockchain and Cryptocurrencies,"#wallet,#ledger,#blockchain,#fund,#money",17-Mar-22
magikeden.site,Blockchain and Cryptocurrencies,"#wallet,#ledger,#blockchain,#fund,#money",17-Mar-22
main24.net,Blockchain and Cryptocurrencies,"#bitcoin,#gold,#ethereum,#monero,#dash,#tether,#tezos,#binance,#coin,#money",17-Mar-22
mainco-rectify.com,Blockchain and Cryptocurrencies,"#bitcoin,#blockchain,#wallet",17-Mar-22
mainco-rectify.space,Blockchain and Cryptocurrencies,"#bitcoin,#blockchain,#wallet",17-Mar-22
makingwishesreal.life,Blockchain and Cryptocurrencies,"#blockchain,#crypto,#coin",17-Mar-22
maktabahnajeebah.com,Blockchain and Cryptocurrencies,#wallet,17-Mar-22
march-cmc.com,Blockchain and Cryptocurrencies,"#crypto,#wallet,#cryptocurrency,#payment",17-Mar-22
marketcoininvests.com,Blockchain and Cryptocurrencies,"#cryptocurrency,#account,#trading,#payment,#insurance,#bitcoin,#ethereum,#bank",17-Mar-22
marketplacexaeinfinity.com,Blockchain and Cryptocurrencies,"#trading,#axie",17-Mar-22
mauisouth.com,Banking and Financial Services,"#money,#ethereum,#bitcoin,#coin,#polkadot,#cryptocurrency,#wallet,#payment,#altcoin,#litecoin,#tezos,#dogecoin",17-Mar-22
maxco-futures.com,Blockchain and Cryptocurrencies,"#account,#bitcoin,#cryptocurrency",17-Mar-22
maxhourly.cfd,Blockchain and Cryptocurrencies,#crypto,17-Mar-22
maximfxasset.com,Blockchain and Cryptocurrencies,"#trading,#account,#cryptocurrency,#bitcoin,#blockchain,#payment",17-Mar-22
mdcardealers.com,Banking and Financial Services,"#money,#coin,#ethereum,#polkadot,#cryptocurrency,#wallet,#bitcoin,#payment,#altcoin,#litecoin,#tezos,#dogecoin",17-Mar-22
mdftcoin.xyz,Blockchain and Cryptocurrencies,"#blockchain,#polkadot,#insurance,#payment,#ledger",17-Mar-22
mentom.xyz,Blockchain and Cryptocurrencies,"#opensea,#money,#blockchain",17-Mar-22
metabotchain.com,Blockchain and Cryptocurrencies,"#trading,#binance",17-Mar-22
metaplrx.com,Blockchain and Cryptocurrencies,"#blockchain,#altcoin,#wallet,#finance,#insurance,#ethereum,#binance,#trading,#dao,#bitcoin,#opensea",17-Mar-22
metaprovest.com,Banking and Financial Services,"#bitcoin,#cryptocurrency,#money,#gold,#payment,#account,#wallet,#trading",17-Mar-22
metaversecrypto360.com,Blockchain and Cryptocurrencies,"#crypto,#cryptocurrency,#trading,#account",17-Mar-22
micasainu.com,Blockchain and Cryptocurrencies,"#uniswap,#ethereum,#cryptocurrency,#wallet,#mortgage,#fund,#swap,#metamask,#trading",17-Mar-22
moonstark.com,Blockchain and Cryptocurrencies,"#blockchain,#payment,#cryptocurrency",17-Mar-22
motel-home.com,Blockchain and Cryptocurrencies,"#polygon,#wallet,#ethereum",17-Mar-22
motell-home.com,Blockchain and Cryptocurrencies,"#polygon,#wallet,#ethereum",17-Mar-22
myoldcoinsindustry.com,Blockchain and Cryptocurrencies,"#coin,#money,#gold",17-Mar-22
namhoc.net,Blockchain and Cryptocurrencies,"#wallet,#bitcoin,#coinbase,#account",17-Mar-22
nanjcoins.com,Blockchain and Cryptocurrencies,"#cryptocurrency,#trading,#wallet,#payment,#blockchain,#account,#bitcoin,#dash,#money,#gold,#ethereum",17-Mar-22
natodoge.net,Blockchain and Cryptocurrencies,"#cryptocurrency,#binance,#wallet",17-Mar-22
nbatokens.digital,Blockchain and Cryptocurrencies,"#crypto,#money,#cryptocurrency,#wallet,#blockchain,#account",17-Mar-22
neilandanubis.com,Blockchain and Cryptocurrencies,"#blockchain,#ethereum,#wallet",17-Mar-22
nekobnb.net,Blockchain and Cryptocurrencies,"#fund,#pancakeswap",17-Mar-22
newsbtc.space,Blockchain and Cryptocurrencies,"#cryptocurrency,#bitcoin,#gold,#litecoin,#wallet,#payment,#bank,#account,#trading,#money",17-Mar-22
newtrno.net,Blockchain and Cryptocurrencies,"#blockchain,#cryptocurrency,#finance,#money,#wallet,#loan,#binance",17-Mar-22
nickponomar.com,Blockchain and Cryptocurrencies,#crypto,17-Mar-22
nikexnft.com,Blockchain and Cryptocurrencies,#wallet,17-Mar-22
nofutech.com,Blockchain and Cryptocurrencies,"#crypto,#bitcoin,#ethereum,#bank,#dash,#blockchain,#payment,#wallet,#cryptocurrency,#tether,#bitfinex,#trading,#monero,#iota",17-Mar-22
none.finance,Blockchain and Cryptocurrencies,"#coin,#pancakeswap,#binance,#fund",17-Mar-22
nukelana.com,Blockchain and Cryptocurrencies,"#wallet,#coin,#ethereum,#coinbase,#binance",17-Mar-22
octacoinfxinc.com,Blockchain and Cryptocurrencies,"#finance,#cryptocurrency,#coin,#trading,#money,#payment,#bitcoin,#account",17-Mar-22
oilz.finance,Blockchain and Cryptocurrencies,"#insurance,#fund,#wallet,#finance,#trading",17-Mar-22
oliver-ryall.com,Blockchain and Cryptocurrencies,"#blockchain,#ethereum,#polygon,#coin",17-Mar-22
onlinetrx88.com,Blockchain and Cryptocurrencies,"#account,#blockchain,#binance,#bitfinex,#wallet",17-Mar-22
optionscodes.com,Blockchain and Cryptocurrencies,"#cryptocurrency,#trading,#bitcoin,#account",17-Mar-22
orbitcats.com,Blockchain and Cryptocurrencies,"#cryptocurrency,#blockchain,#ethereum,#polygon,#trading,#money",17-Mar-22
ordaline.com,Banking and Financial Services,"#money,#payment,#ethereum,#polkadot,#cryptocurrency,#wallet,#coin,#bitcoin,#altcoin,#litecoin,#tezos,#dogecoin",17-Mar-22
originprotocol.digital,Blockchain and Cryptocurrencies,"#finance,#wallet,#binance",17-Mar-22
paperheadsnft.com,Blockchain and Cryptocurrencies,"#polygon,#opensea,#dogecoin,#binance,#crypto,#ethereum,#money,#bitcoin,#cryptocurrency",17-Mar-22
peacecuptoken.com,Blockchain and Cryptocurrencies,"#coin,#binance,#coinbase,#blockchain,#money,#trading,#cryptocurrency,#dao",17-Mar-22
pentycoongroup.com,Banking and Financial Services,"#account,#cryptocurrency,#trading,#bank,#gold,#money",17-Mar-22
perfectfinancemarket.com,Banking and Financial Services,"#finance,#trading,#blockchain,#bitcoin,#ethereum,#cryptocurrency,#payment,#litecoin,#account,#crypto,#money",17-Mar-22
phantomsnfts.art,Blockchain and Cryptocurrencies,"#ethereum,#blockchain,#wallet,#metamask,#coinbase",17-Mar-22
phantomtradeinvestment.com,Banking and Financial Services,"#cryptocurrency,#fund,#trading,#finance,#account,#swap,#money",17-Mar-22
pidids.com,Blockchain and Cryptocurrencies,#coin,17-Mar-22
pinbanc.com,Banking and Financial Services,"#money,#coin,#dogecoin,#ethereum,#polkadot,#cryptocurrency,#wallet,#bitcoin,#payment,#altcoin,#litecoin,#tezos",17-Mar-22
poetryinwomen.xyz,Blockchain and Cryptocurrencies,"#opensea,#fund,#ethereum,#blockchain",17-Mar-22
policy-advisor.com,Banking and Financial Services,"#insurance,#mortgage,#debt,#money,#payment,#cryptocurrency,#bitcoin,#fund,#gold,#bank",17-Mar-22
polj-tech.com,Blockchain and Cryptocurrencies,"#polygon,#wallet,#ethereum",17-Mar-22
polli-tech.com,Blockchain and Cryptocurrencies,"#polygon,#wallet,#ethereum",17-Mar-22
pollj-tech.com,Blockchain and Cryptocurrencies,"#polygon,#wallet,#ethereum",17-Mar-22
polygon-wallettechnology.store,Blockchain and Cryptocurrencies,"#polygon,#wallet,#ethereum",17-Mar-22
poocoino.com,Blockchain and Cryptocurrencies,"#polygon,#wallet,#metamask",17-Mar-22
pro-funds.club,Banking and Financial Services,"#trading,#bitcoin,#payment",17-Mar-22
prominings.com,Blockchain and Cryptocurrencies,"#wealth,#account,#trading,#bank,#bitcoin,#crypto,#insurance,#money",17-Mar-22
puyeer.xyz,Blockchain and Cryptocurrencies,"#tether,#ethereum,#dash,#bitcoin,#account,#cryptocurrency,#dogecoin,#wallet",17-Mar-22
qinglou88.com,Blockchain and Cryptocurrencies,"#bitcoin,#wallet,#ethereum,#coin,#safepal",17-Mar-22
quantumai.computer,Blockchain and Cryptocurrencies,"#swap,#finance,#cardano,#wallet,#polygon,#ethereum,#blockchain,#cryptocurrency",17-Mar-22
qubechain.art,Blockchain and Cryptocurrencies,"#blockchain,#cryptocurrency,#payment,#wallet",17-Mar-22
quickglobalincome.com,Blockchain and Cryptocurrencies,"#cryptocurrency,#crypto,#coin,#wallet,#trading,#account,#bitcoin",17-Mar-22
raffle-evolvedmadapes.com,Blockchain and Cryptocurrencies,#wallet,17-Mar-22
raffle-infernoverse.com,Blockchain and Cryptocurrencies,#wallet,17-Mar-22
rexonatrades.com,Blockchain and Cryptocurrencies,"#cryptocurrency,#account,#trading,#money,#payment,#gold,#savings,#bitcoin,#ethereum,#tether,#coin,#polkadot,#binance,#dogecoin,#polygon,#litecoin,#decentraland,#sandbox,#monero,#elrond,#theta",17-Mar-22
ripple-kor.info,Blockchain and Cryptocurrencies,"#blockchain,#cryptocurrency,#payment,#wallet",17-Mar-22
robo-fi.com,Blockchain and Cryptocurrencies,"#ethereum,#blockchain,#sandbox,#wallet",17-Mar-22
robopartners-hk.com,Blockchain and Cryptocurrencies,"#bitcoin,#ethereum,#trading",17-Mar-22
rockycryptoinvest.com,Banking and Financial Services,"#crypto,#wealth,#savings,#account,#loan,#cryptocurrency,#insurance,#trading",17-Mar-22
rubiconaxitrading.com,Blockchain and Cryptocurrencies,"#account,#trading,#cryptocurrency,#bitcoin,#ethereum,#tether,#coin,#polkadot",17-Mar-22
rylivestock.com,Banking and Financial Services,"#money,#coin,#payment,#ethereum,#polkadot,#cryptocurrency,#wallet,#bitcoin,#altcoin,#litecoin,#tezos,#dogecoin",17-Mar-22
safuudoge.finance,Blockchain and Cryptocurrencies,"#blockchain,#wallet,#crypto,#swap,#payment,#cryptocurrency",17-Mar-22
safuuelon.finance,Blockchain and Cryptocurrencies,"#insurance,#fund,#wallet,#finance,#dao,#swap",17-Mar-22
sandbox-politics.com,Blockchain and Cryptocurrencies,#sandbox,17-Mar-22
satoshicoin.space,Blockchain and Cryptocurrencies,"#coin,#swap",17-Mar-22
satoshicoin.tech,Blockchain and Cryptocurrencies,"#coin,#swap",17-Mar-22
save-ukrainewar.com,Blockchain and Cryptocurrencies,"#crypto,#bitcoin,#ethereum,#tether,#polkadot,#monero,#blockchain,#account,#bank,#payment,#cryptocurrency",17-Mar-22
sc20.finance,Blockchain and Cryptocurrencies,"#crypto,#wallet",17-Mar-22
scorpio-uk.com,Banking and Financial Services,"#money,#ethereum,#bitcoin,#coin,#payment,#polkadot,#cryptocurrency,#wallet,#altcoin,#litecoin,#tezos,#dogecoin",17-Mar-22
sendboxgames.com,Blockchain and Cryptocurrencies,"#sandbox,#blockchain,#account,#wallet,#metamask,#walletconnect,#binance,#safepal",17-Mar-22
sexynancy.com,Banking and Financial Services,"#money,#coin,#payment,#bitcoin,#ethereum,#polkadot,#cryptocurrency,#wallet,#altcoin,#litecoin,#tezos,#dogecoin",17-Mar-22
shiba22.gifts,Blockchain and Cryptocurrencies,"#cryptocurrency,#coin,#ethereum,#bitcoin",17-Mar-22
shibainustake.com,Blockchain and Cryptocurrencies,"#bitcoin,#ethereum,#tether,#wallet,#uniswap,#metamask,#coinbase,#binance,#swap",17-Mar-22
shielderacredit.online,Banking and Financial Services,"#bank,#account,#finance,#money,#fund,#wealth,#loan,#bitcoin",17-Mar-22
shikueth.com,Blockchain and Cryptocurrencies,"#coin,#metamask,#wallet,#ethereum,#blockchain,#coinbase,#uniswap",17-Mar-22
shouldyouownbitcoin.com,Blockchain and Cryptocurrencies,"#bitcoin,#wealth,#money,#loan",17-Mar-22
sisinu.com,Blockchain and Cryptocurrencies,"#blockchain,#ethereum,#trading,#wallet",17-Mar-22
skulljoysociety.xyz,Blockchain and Cryptocurrencies,"#ethereum,#blockchain",17-Mar-22
slavaukraine.fund,Blockchain and Cryptocurrencies,"#cryptocurrency,#crypto,#bitcoin,#ethereum,#tether,#polkadot,#dogecoin,#litecoin,#finance,#fund",17-Mar-22
slimbiotic-review.com,Blockchain and Cryptocurrencies,"#blockchain,#cryptocurrency",17-Mar-22
slotonlinegame.xyz,Blockchain and Cryptocurrencies,#account,17-Mar-22
smartmoneycoin.net,Blockchain and Cryptocurrencies,"#money,#coin,#blockchain,#binance,#swap,#payment",17-Mar-22
smartsecuredtrade.com,Blockchain and Cryptocurrencies,"#bitcoin,#ethereum,#crypto,#trading,#account,#cryptocurrency,#cardano,#altcoin,#bank,#litecoin,#dogecoin,#polkadot,#uniswap",17-Mar-22
smitralab.com,Blockchain and Cryptocurrencies,,17-Mar-22
socialdoge.finance,Blockchain and Cryptocurrencies,"#pancakeswap,#coin,#swap",17-Mar-22
solflare.biz,Blockchain and Cryptocurrencies,"#wallet,#swap,#ledger,#account",17-Mar-22
solforcehq.com,Blockchain and Cryptocurrencies,"#blockchain,#wallet",17-Mar-22
solidexfinances.com,Blockchain and Cryptocurrencies,"#finance,#wallet,#metamask,#walletconnect,#ledger",17-Mar-22
sos-uk.online,Blockchain and Cryptocurrencies,"#bitcoin,#ethereum,#blockchain,#fund,#money",17-Mar-22
spacefxtime.com,Blockchain and Cryptocurrencies,"#trading,#account,#finance,#bitcoin,#wallet,#blockchain,#swap,#payment,#cryptocurrency,#wealth,#money,#gold,#coinbase,#crypto",17-Mar-22
sparkoenergy.com,Blockchain and Cryptocurrencies,"#bitcoin,#blockchain",17-Mar-22
spiintoriands.com,Blockchain and Cryptocurrencies,"#account,#wallet,#uniswap,#blockchain,#cryptocurrency,#ethereum,#crypto",17-Mar-22
splenterlandds.com,Blockchain and Cryptocurrencies,"#account,#wallet,#uniswap,#walletconnect,#binance",17-Mar-22
sportsinueth.com,Blockchain and Cryptocurrencies,"#cryptocurrency,#crypto,#payment,#ethereum,#uniswap",17-Mar-22
springloans.site,Blockchain and Cryptocurrencies,"#wallet,#loan,#finance,#blockchain,#debt,#fund,#ethereum,#crypto",17-Mar-22
staratlas-play.com,Blockchain and Cryptocurrencies,"#wallet,#wealth,#walletconnect,#metamask,#binance,#safepal,#coinbase,#account",17-Mar-22
starnode.finance,Blockchain and Cryptocurrencies,"#metamask,#wallet,#coinbase,#binance",17-Mar-22
start-axie.online,Blockchain and Cryptocurrencies,"#axie,#blockchain,#money,#ethereum,#wallet,#walletconnect,#binance,#safepal",17-Mar-22
stellar-token.net,Blockchain and Cryptocurrencies,"#finance,#money,#blockchain,#wallet,#account,#coin",17-Mar-22
stepnl.com,Blockchain and Cryptocurrencies,"#wallet,#walletconnect,#binance,#account,#safepal",17-Mar-22
stjohnkofc.com,Banking and Financial Services,"#money,#coin,#ethereum,#polkadot,#cryptocurrency,#wallet,#bitcoin,#payment,#altcoin,#litecoin,#tezos,#dogecoin",17-Mar-22
stlwomenmag.xyz,Blockchain and Cryptocurrencies,"#nft,#blockchain,#ethereum",17-Mar-22
stoken.store,Blockchain and Cryptocurrencies,"#blockchain,#coin,#bitcoin,#wallet,#wealth,#trading,#crypto",17-Mar-22
stringfairy.com,Banking and Financial Services,"#coin,#money,#ethereum,#polkadot,#cryptocurrency,#wallet,#bitcoin,#payment,#altcoin,#litecoin,#tezos,#dogecoin",17-Mar-22
strongnodifier.com,Blockchain and Cryptocurrencies,"#wallet,#ethereum",17-Mar-22
sugexcryptopro.net,Blockchain and Cryptocurrencies,"#account,#bitcoin,#trading,#payment,#ethereum,#litecoin,#crypto,#cryptocurrency,#gold,#money",17-Mar-22
sumborgtec.com,Blockchain and Cryptocurrencies,"#trading,#money,#crypto,#bitcoin,#wallet,#account,#gold,#insurance,#cryptocurrency",17-Mar-22
superbankoffer.com,Blockchain and Cryptocurrencies,"#bank,#crypto",17-Mar-22
superguycoin.com,Blockchain and Cryptocurrencies,"#coin,#fund,#ethereum,#blockchain,#wallet,#finance,#crypto",17-Mar-22
supersea.xyz,Blockchain and Cryptocurrencies,"#opensea,#wallet,#ledger,#coinbase,#trading,#money",17-Mar-22
support4ukraine.online,Blockchain and Cryptocurrencies,"#bitcoin,#wallet,#ethereum",17-Mar-22
sure-assets.ltd,Blockchain and Cryptocurrencies,"#cryptocurrency,#blockchain,#trading,#payment",17-Mar-22
swashappfinance.com,Blockchain and Cryptocurrencies,"#finance,#wallet,#cryptocurrency,#blockchain",17-Mar-22
sxdirt.com,Banking and Financial Services,"#money,#coin,#payment,#ethereum,#polkadot,#cryptocurrency,#wallet,#bitcoin,#altcoin,#litecoin,#tezos,#dogecoin",17-Mar-22
syncdirect.info,Blockchain and Cryptocurrencies,"#wallet,#walletconnect,#blockchain,#ethereum,#polygon",17-Mar-22
syncrevalidate.com,Blockchain and Cryptocurrencies,"#wallet,#blockchain,#walletconnect,#metamask,#coinbase,#ledger,#exodus",17-Mar-22
syncwalletrect.com,Blockchain and Cryptocurrencies,"#wallet,#blockchain",17-Mar-22
sypun.com,Blockchain and Cryptocurrencies,#wallet,17-Mar-22
tagimal-wallet.com,Blockchain and Cryptocurrencies,"#wallet,#money,#payment",17-Mar-22
talkabotit.com,Blockchain and Cryptocurrencies,"#bank,#blockchain,#cryptocurrency,#wallet,#fund,#trading,#crypto",17-Mar-22
taperracc.club,Blockchain and Cryptocurrencies,"#opensea,#blockchain,#ledger,#trading",17-Mar-22
tech-polj.com,Blockchain and Cryptocurrencies,"#polygon,#wallet,#ethereum",17-Mar-22
tech-poljes.com,Blockchain and Cryptocurrencies,"#polygon,#wallet,#ethereum",17-Mar-22
teeminer.com,Blockchain and Cryptocurrencies,"#bitcoin,#crypto,#coin,#payment",17-Mar-22
tempcoverme.com,Banking and Financial Services,"#insurance,#payment,#bank,#cryptocurrency",17-Mar-22
teramoneystakes.com,Blockchain and Cryptocurrencies,"#money,#blockchain,#crypto",17-Mar-22
tesla-double.com,Blockchain and Cryptocurrencies,"#crypto,#wallet,#cryptocurrency,#payment",17-Mar-22
tesla-doublecoin.com,Blockchain and Cryptocurrencies,"#bitcoin,#blockchain,#cryptocurrency,#ethereum,#payment",17-Mar-22
testversion.xyz,Blockchain and Cryptocurrencies,#wallet,17-Mar-22
tetherinvest.net,Banking and Financial Services,"#bitcoin,#money,#account,#payment,#cryptocurrency,#blockchain",17-Mar-22
tether-virus.com,Blockchain and Cryptocurrencies,"#tether,#blockchain,#cryptocurrency,#wallet,#crypto",17-Mar-22
tetrashares.com,Blockchain and Cryptocurrencies,"#cryptocurrency,#trading,#ethereum,#monero,#account,#wallet,#bitcoin,#litecoin,#dogecoin,#gold,#money",17-Mar-22
thedefiprotocol.online,Blockchain and Cryptocurrencies,"#walletconnect,#wallet,#account,#blockchain,#crypto,#uniswap,#opensea,#ethereum,#polkadot,#solana",17-Mar-22
thefarsights.net,Blockchain and Cryptocurrencies,"#blockchain,#trading,#account,#wallet,#finance",17-Mar-22
thekryptoplace.net,Blockchain and Cryptocurrencies,"#trading,#gold,#ethereum,#cryptocurrency,#blockchain,#ledger,#account,#binance,#coin,#wallet",17-Mar-22
thelazyboyinvestor.com,Blockchain and Cryptocurrencies,"#wealth,#coin,#fund,#cryptocurrency,#trading,#bitcoin,#crypto,#binance,#account",17-Mar-22
theledger.finance,Blockchain and Cryptocurrencies,"#ledger,#finance,#account",17-Mar-22
themagiceden.info,Blockchain and Cryptocurrencies,"#wallet,#ledger,#blockchain,#fund,#money",17-Mar-22
theplandanhollingsreviews.com,Blockchain and Cryptocurrencies,"#cryptocurrency,#trading,#money,#crypto",17-Mar-22
thetradekingdom.com,Banking and Financial Services,"#bitcoin,#trading,#cryptocurrency,#insurance,#gold,#account,#payment,#fund",17-Mar-22
the-web3-network.com,Blockchain and Cryptocurrencies,"#blockchain,#wallet,#account",17-Mar-22
th-glove.com,Banking and Financial Services,"#money,#payment,#blockchain,#coin,#litecoin,#bitcoin,#ethereum,#polkadot,#cryptocurrency,#wallet,#altcoin,#tezos,#dogecoin",17-Mar-22
tierrafinanc.com,Banking and Financial Services,"#payment,#money,#litecoin,#ethereum,#polkadot,#cryptocurrency,#wallet,#coin,#bitcoin,#altcoin,#tezos,#dogecoin",17-Mar-22
tiger-token.online,Blockchain and Cryptocurrencies,"#coin,#blockchain,#bank,#account,#swap,#payment,#cryptocurrency,#wallet",17-Mar-22
timeisdiamond.life,Blockchain and Cryptocurrencies,"#opensea,#gold",17-Mar-22
tnrcommunity.com,Blockchain and Cryptocurrencies,"#blockchain,#cryptocurrency,#coin,#bitcoin,#money,#crypto,#finance,#payment,#wallet,#tezos,#ethereum,#loan,#uniswap",17-Mar-22
tof.finance,Blockchain and Cryptocurrencies,"#fund,#trading,#bitcoin,#ethereum,#polkadot,#polygon,#cryptocurrency,#crypto,#finance",17-Mar-22
tokeentrove.com,Blockchain and Cryptocurrencies,"#account,#wallet,#coinbase,#walletconnect",17-Mar-22
token-io.xyz,Blockchain and Cryptocurrencies,"#ethereum,#bitcoin,#wallet,#blockchain,#payment",17-Mar-22
tokens-validator.com,Blockchain and Cryptocurrencies,"#wallet,#blockchain,#coinbase,#polkadot,#tezos,#theta,#solana,#ethereum,#elrond,#safepal,#exodus,#trezor,#ledger",17-Mar-22
tokenworld-daily.com,Blockchain and Cryptocurrencies,"#blockchain,#cryptocurrency,#bitcoin,#ethereum,#dogecoin,#money,#wealth",17-Mar-22
totallynotascamcoin.com,Blockchain and Cryptocurrencies,"#coin,#money,#ethereum,#cryptocurrency,#trading,#crypto",17-Mar-22
tour-paradis.com,Banking and Financial Services,"#money,#coin,#payment,#dogecoin,#ethereum,#polkadot,#cryptocurrency,#wallet,#bitcoin,#altcoin,#litecoin,#tezos",17-Mar-22
tronpro.xyz,Blockchain and Cryptocurrencies,"#ethereum,#bitcoin,#wallet,#blockchain,#payment",17-Mar-22
ultrasafuu.finance,Blockchain and Cryptocurrencies,"#fund,#wallet,#crypto,#insurance,#trading,#coinbase,#bank,#swap",17-Mar-22
unionaccesstrade.com,Blockchain and Cryptocurrencies,"#bitcoin,#cryptocurrency,#trading,#insurance,#money,#coin,#wallet",17-Mar-22
usdtprime.us,Blockchain and Cryptocurrencies,"#cryptocurrency,#ethereum",17-Mar-22
varicominc.com,Banking and Financial Services,"#coin,#money,#payment,#bitcoin,#ethereum,#polkadot,#cryptocurrency,#wallet,#altcoin,#litecoin,#tezos,#dogecoin",17-Mar-22
varotradefx.com,Banking and Financial Services,"#trading,#ethereum,#account,#fund,#money,#cryptocurrency,#payment,#crypto",17-Mar-22
vb-faucet.com,Blockchain and Cryptocurrencies,"#blockchain,#payment,#wallet,#binance,#coinbase,#crypto,#coin",17-Mar-22
villabintang.com,Banking and Financial Services,"#money,#coin,#wealth,#payment,#ethereum,#polkadot,#cryptocurrency,#wallet,#bitcoin,#altcoin,#litecoin,#tezos,#dogecoin",17-Mar-22
violonchelo11.solar,Blockchain and Cryptocurrencies,"#bitcoin,#blockchain,#crypto,#wallet",17-Mar-22
voco.community,Blockchain and Cryptocurrencies,"#account,#wallet",17-Mar-22
voucherbitcoin.com,Blockchain and Cryptocurrencies,"#bitcoin,#cryptocurrency,#ethereum,#monero,#wallet,#account,#money,#payment,#crypto,#coinbase",17-Mar-22
vvsv.finance,Blockchain and Cryptocurrencies,"#finance,#trading,#wallet,#swap,#walletconnect",17-Mar-22
vzitcoin.com,Blockchain and Cryptocurrencies,"#coin,#pancakeswap,#finance",17-Mar-22
wagmi-world.art,Blockchain and Cryptocurrencies,"#ethereum,#blockchain,#wallet,#metamask,#coinbase",17-Mar-22
wargreymon.com,Blockchain and Cryptocurrencies,"#wallet,#blockchain,#money,#wealth",17-Mar-22
wartoken.digital,Blockchain and Cryptocurrencies,"#binance,#wallet,#pancakeswap",17-Mar-22
wealthyarmy.club,Blockchain and Cryptocurrencies,"#wealth,#trading,#bitcoin,#cryptocurrency,#blockchain,#money,#coin,#helium,#gold",17-Mar-22
webappsync.com,Blockchain and Cryptocurrencies,"#wallet,#binance",17-Mar-22
weblogon.digital,Blockchain and Cryptocurrencies,"#blockchain,#bitcoin,#wallet",17-Mar-22
weblogon.guru,Blockchain and Cryptocurrencies,"#blockchain,#bitcoin,#wallet",17-Mar-22
whatiss.com,Blockchain and Cryptocurrencies,"#cryptocurrency,#money",17-Mar-22
willingtonuniversity.com,Blockchain and Cryptocurrencies,,17-Mar-22
wisegnomesclub.com,Blockchain and Cryptocurrencies,"#blockchain,#money",17-Mar-22
worldfuturetrade.com,Blockchain and Cryptocurrencies,"#cryptocurrency,#bitcoin,#trading,#account,#payment,#bank,#wallet,#gold,#ethereum,#litecoin,#ripple,#money,#debt",17-Mar-22
xm6.info,Blockchain and Cryptocurrencies,"#kucoin,#gold,#swap,#wallet",17-Mar-22
yourkiss.xyz,Blockchain and Cryptocurrencies,"#binance,#finance,#coin,#wallet,#coinbase,#pancakeswap,#trading,#swap",17-Mar-22
zapper.icu,Blockchain and Cryptocurrencies,"#finance,#wallet,#ledger,#trezor,#blockchain,#exodus,#walletconnect",17-Mar-22
zealfundholdings.com,Blockchain and Cryptocurrencies,"#crypto,#account,#blockchain,#cryptocurrency,#bitcoin,#money,#payment",17-Mar-22
zedcrypt.com,Blockchain and Cryptocurrencies,"#trezor,#binance,#gold,#account,#blockchain,#finance,#bitfinex,#bitstamp,#coinbase,#crypto,#ethereum,#kraken,#kusama,#ledger,#wallet,#litecoin,#polkadot,#polygon,#sandbox,#tether,#trading,#cryptocurrency",17-Mar-22
zoomtamaulipas.com,Blockchain and Cryptocurrencies,"#bitcoin,#bank,#ethereum,#wallet,#cryptocurrency",17-Mar-22
